Benchmark,C--_Codegen,C--_Full,GCC_O0,GCC_O2,Clang_O0,Clang_O2
bench_fib,0.001371,0.015134,0.023619,0.050355,0.036800,0.041818
bench_matmul,0.001339,0.018539,0.025710,0.038343,0.036405,0.043930
bench_float,0.001500,0.017050,0.024013,0.030231,0.036757,0.038971
bench_struct,0.001457,0.016266,0.023704,0.030525,0.036428,0.036732
bench_prime,0.001416,0.016067,0.024259,0.031409,0.036629,0.039514
bench_mixed,0.001327,0.016396,0.026179,0.030307,0.035664,0.036938
