Benchmark,C--_Codegen,C--_Full,GCC_O0,GCC_O2,Clang_O0,Clang_O2
bench_fib,0.001711,0.478463,0.470375,0.554077,N/A,N/A
bench_matmul,0.001190,0.195496,0.278474,0.220551,N/A,N/A
bench_float,0.001090,0.242089,0.197568,0.220137,N/A,N/A
bench_struct,0.001121,0.180385,0.166247,0.193264,N/A,N/A
bench_prime,0.001077,0.270192,0.165446,0.277916,N/A,N/A
bench_mixed,0.001056,0.286183,0.490957,0.335673,N/A,N/A
