Benchmark,C--_Codegen,C--_Full,GCC_O0,GCC_O2,Clang_O0,Clang_O2
bench_fib,0.004621,0.049254,0.053743,0.101281,0.074592,0.082379
bench_matmul,0.002946,0.032383,0.054194,0.077235,0.077424,0.093281
bench_float,0.003525,0.031497,0.055428,0.063509,0.074256,0.082450
bench_struct,0.003171,0.031611,0.054791,0.062781,0.074112,0.078670
bench_prime,0.003090,0.033378,0.053732,0.065066,0.075845,0.081600
bench_mixed,0.003238,0.032667,0.054321,0.060511,0.072683,0.081944
bench_constfold,0.002979,0.031003,0.054009,0.058501,0.072141,0.077248
bench_conststore,0.003091,0.031931,0.052528,0.058327,0.070481,0.080563
