Benchmark,C--_Codegen,C--_Full,GCC_O0,GCC_O2,Clang_O0,Clang_O2
bench_fib,0.003430,0.053934,0.106900,0.135792,0.114575,0.162268
bench_matmul,0.003686,0.040055,0.071073,0.141553,0.152517,0.150730
bench_float,0.004771,0.041207,0.065991,0.068364,0.071180,0.093998
bench_struct,0.003352,0.034444,0.060609,0.063602,0.089329,0.086052
bench_prime,0.003685,0.045946,0.059638,0.074478,0.083586,0.076530
bench_mixed,0.003141,0.041366,0.059034,0.066237,0.078804,0.092945
