Benchmark,C--_Compiler,GCC_O0,GCC_O2,Clang_O0,Clang_O2
bench_fib,0.163672,0.121241,0.031854,0.121088,0.081872
bench_matmul,0.008635,0.005812,0.002024,0.006219,0.002690
bench_float,0.016770,0.005062,0.001911,0.008671,0.002094
bench_struct,0.006068,0.004350,0.001890,0.004146,0.001427
bench_prime,0.011078,0.007157,0.005440,0.005691,0.005038
bench_mixed,0.006193,0.003717,0.001362,0.004180,0.001262
