Benchmark,C--_Compiler,GCC_O0,GCC_O2,Clang_O0,Clang_O2
bench_fib,0.129456,0.100643,0.024837,0.089993,0.050175
bench_matmul,0.007172,0.003663,0.001224,0.003116,0.001371
bench_float,0.014005,0.004499,0.001858,0.007742,0.001675
bench_struct,0.006276,0.003739,0.001734,0.003137,0.000996
bench_prime,0.006928,0.004982,0.006178,0.006472,0.005321
bench_mixed,0.004361,0.002530,0.001127,0.002910,0.001030
