Benchmark,C--_Compiler,GCC_O0,GCC_O2,Clang_O0,Clang_O2
bench_fib,0.061931,0.051242,0.012076,0.043713,0.023624
bench_matmul,0.003260,0.002243,0.000789,0.001957,0.000821
bench_float,0.006502,0.002465,0.001134,0.004041,0.001030
bench_struct,0.002550,0.001831,0.000940,0.001711,0.000550
bench_prime,0.003697,0.002789,0.002517,0.002680,0.002607
bench_mixed,0.002210,0.001527,0.000640,0.001626,0.000556
